achantas-data/.claude/skills|ai-agent-guidelines|achantas-data/.claude/skills/guidelines/ai-agent-guidelines/SKILL.md
achantas-data/.claude/skills|codex-review|achantas-data/.claude/skills/workflows/codex-review/SKILL.md
achantas-data/.claude/skills|cross-review-policy|achantas-data/.claude/skills/workflows/cross-review-policy/SKILL.md
achantas-data/.claude/skills|dev-workflow|achantas-data/.claude/skills/workflows/dev-workflow/SKILL.md
achantas-data/.claude/skills|file-org-standards|achantas-data/.claude/skills/guidelines/file-org-standards/SKILL.md
achantas-data/.claude/skills|gemini-review|achantas-data/.claude/skills/workflows/gemini-review/SKILL.md
achantas-data/.claude/skills|html-reporting-standards|achantas-data/.claude/skills/guidelines/html-reporting-standards/SKILL.md
achantas-data/.claude/skills|logging-standards|achantas-data/.claude/skills/guidelines/logging-standards/SKILL.md
achantas-data/.claude/skills|model-selection|achantas-data/.claude/skills/optimization/model-selection/SKILL.md
achantas-data/.claude/skills|product-roadmap|achantas-data/.claude/skills/product/product-roadmap/SKILL.md
achantas-data/.claude/skills|session-start-routine|achantas-data/.claude/skills/meta/session-start-routine/SKILL.md
achantas-data/.claude/skills|testing-standards|achantas-data/.claude/skills/guidelines/testing-standards/SKILL.md
achantas-data/.claude/skills|usage-optimization|achantas-data/.claude/skills/optimization/usage-optimization/SKILL.md
assetutilities/.claude/skills|data-management|assetutilities/.claude/skills/data-management/SKILL.md
assetutilities/.claude/skills|pdf-utilities|assetutilities/.claude/skills/pdf-utilities/SKILL.md
assetutilities/.claude/skills|plotly-visualization|assetutilities/.claude/skills/plotly-visualization/SKILL.md
CAD-DEVELOPMENTS/.claude/skills|activepieces|CAD-DEVELOPMENTS/.claude/skills/operations/automation/activepieces/SKILL.md
CAD-DEVELOPMENTS/.claude/skills|agenta|CAD-DEVELOPMENTS/.claude/skills/ai/prompting/agenta/SKILL.md
CAD-DEVELOPMENTS/.claude/skills|agent-orchestration|CAD-DEVELOPMENTS/.claude/skills/coordination/orchestration/agent-orchestration/SKILL.md
CAD-DEVELOPMENTS/.claude/skills|agent-os-framework|CAD-DEVELOPMENTS/.claude/skills/coordination/orchestration/agent-os-framework/SKILL.md
CAD-DEVELOPMENTS/.claude/skills|ai-questioning-pattern|CAD-DEVELOPMENTS/.claude/skills/coordination/workspace/ai-questioning-pattern/SKILL.md
CAD-DEVELOPMENTS/.claude/skills|airflow|CAD-DEVELOPMENTS/.claude/skills/operations/automation/airflow/SKILL.md
CAD-DEVELOPMENTS/.claude/skills|ai-tool-assessment|CAD-DEVELOPMENTS/.claude/skills/operations/devtools/ai-tool-assessment/SKILL.md
CAD-DEVELOPMENTS/.claude/skills|algorithmic-art|CAD-DEVELOPMENTS/.claude/skills/business/content-design/algorithmic-art/SKILL.md
CAD-DEVELOPMENTS/.claude/skills|api|CAD-DEVELOPMENTS/.claude/skills/engineering/standards/api/SKILL.md
CAD-DEVELOPMENTS/.claude/skills|api-integration|CAD-DEVELOPMENTS/.claude/skills/data/scientific/api-integration/SKILL.md
CAD-DEVELOPMENTS/.claude/skills|astm|CAD-DEVELOPMENTS/.claude/skills/engineering/standards/astm/SKILL.md
CAD-DEVELOPMENTS/.claude/skills|auto-sync-batch-update-2026-01|CAD-DEVELOPMENTS/.claude/skills/coordination/workspace/auto-generated/auto-sync-batch-update-2026-01/SKILL.md
CAD-DEVELOPMENTS/.claude/skills|auto-sync-batch-update-2026-01|CAD-DEVELOPMENTS/.claude/skills/workspace-hub/auto-generated/auto-sync-batch-update-2026-01/SKILL.md
CAD-DEVELOPMENTS/.claude/skills|autoviz|CAD-DEVELOPMENTS/.claude/skills/data/analysis/autoviz/SKILL.md
CAD-DEVELOPMENTS/.claude/skills|background-service-manager|CAD-DEVELOPMENTS/.claude/skills/operations/devtools/background-service-manager/SKILL.md
CAD-DEVELOPMENTS/.claude/skills|brand-guidelines|CAD-DEVELOPMENTS/.claude/skills/business/communication/brand-guidelines/SKILL.md
CAD-DEVELOPMENTS/.claude/skills|bsee-sodir-extraction|CAD-DEVELOPMENTS/.claude/skills/data/analysis/bsee-sodir-extraction/SKILL.md
CAD-DEVELOPMENTS/.claude/skills|cad-mesh-generation|CAD-DEVELOPMENTS/.claude/skills/data/scientific/cad-mesh-generation/SKILL.md
CAD-DEVELOPMENTS/.claude/skills|calendly-api|CAD-DEVELOPMENTS/.claude/skills/business/communication/calendly-api/SKILL.md
CAD-DEVELOPMENTS/.claude/skills|canvas-design|CAD-DEVELOPMENTS/.claude/skills/business/content-design/canvas-design/SKILL.md
CAD-DEVELOPMENTS/.claude/skills|chartjs|CAD-DEVELOPMENTS/.claude/skills/data/visualization/chartjs/SKILL.md
CAD-DEVELOPMENTS/.claude/skills|chore-remove-claude-flow-refer|CAD-DEVELOPMENTS/.claude/skills/workspace-hub/auto-generated/chore-remove-claude-flow-refer/SKILL.md
CAD-DEVELOPMENTS/.claude/skills|chore-sync-with-workspace-hub-|CAD-DEVELOPMENTS/.claude/skills/workspace-hub/auto-generated/chore-sync-with-workspace-hub-/SKILL.md
CAD-DEVELOPMENTS/.claude/skills|claude-reflect|CAD-DEVELOPMENTS/.claude/skills/coordination/workspace/claude-reflect/SKILL.md
CAD-DEVELOPMENTS/.claude/skills|cli-productivity|CAD-DEVELOPMENTS/.claude/skills/operations/devtools/cli-productivity/SKILL.md
CAD-DEVELOPMENTS/.claude/skills|cloud-app-store|CAD-DEVELOPMENTS/.claude/skills/operations/cloud/cloud-app-store/SKILL.md
CAD-DEVELOPMENTS/.claude/skills|cloud-auth|CAD-DEVELOPMENTS/.claude/skills/operations/cloud/cloud-auth/SKILL.md
CAD-DEVELOPMENTS/.claude/skills|cloud-challenges|CAD-DEVELOPMENTS/.claude/skills/operations/cloud/cloud-challenges/SKILL.md
CAD-DEVELOPMENTS/.claude/skills|cloud-neural|CAD-DEVELOPMENTS/.claude/skills/operations/cloud/cloud-neural/SKILL.md
CAD-DEVELOPMENTS/.claude/skills|cloud-payments|CAD-DEVELOPMENTS/.claude/skills/operations/cloud/cloud-payments/SKILL.md
CAD-DEVELOPMENTS/.claude/skills|cloud-sandbox|CAD-DEVELOPMENTS/.claude/skills/operations/cloud/cloud-sandbox/SKILL.md
CAD-DEVELOPMENTS/.claude/skills|cloud-swarm|CAD-DEVELOPMENTS/.claude/skills/operations/cloud/cloud-swarm/SKILL.md
CAD-DEVELOPMENTS/.claude/skills|cloud-user-tools|CAD-DEVELOPMENTS/.claude/skills/operations/cloud/cloud-user-tools/SKILL.md
CAD-DEVELOPMENTS/.claude/skills|cloud-workflow|CAD-DEVELOPMENTS/.claude/skills/operations/cloud/cloud-workflow/SKILL.md
CAD-DEVELOPMENTS/.claude/skills|code-reviewer|CAD-DEVELOPMENTS/.claude/skills/development/code-reviewer/SKILL.md
CAD-DEVELOPMENTS/.claude/skills|competitive-analysis|CAD-DEVELOPMENTS/.claude/skills/business/marketing/competitive-analysis/SKILL.md
CAD-DEVELOPMENTS/.claude/skills|compliance-check|CAD-DEVELOPMENTS/.claude/skills/coordination/workspace/compliance-check/SKILL.md
CAD-DEVELOPMENTS/.claude/skills|compliance-propagation-automator|CAD-DEVELOPMENTS/.claude/skills/coordination/workspace/compliance-propagation-automator/SKILL.md
CAD-DEVELOPMENTS/.claude/skills|compound-engineering|CAD-DEVELOPMENTS/.claude/skills/coordination/workspace/compound-engineering/SKILL.md
CAD-DEVELOPMENTS/.claude/skills|content-strategy|CAD-DEVELOPMENTS/.claude/skills/business/marketing/content-strategy/SKILL.md
CAD-DEVELOPMENTS/.claude/skills|core-coder|CAD-DEVELOPMENTS/.claude/skills/coordination/core/core-coder/SKILL.md
CAD-DEVELOPMENTS/.claude/skills|core-planner|CAD-DEVELOPMENTS/.claude/skills/coordination/core/core-planner/SKILL.md
CAD-DEVELOPMENTS/.claude/skills|core-researcher|CAD-DEVELOPMENTS/.claude/skills/coordination/core/core-researcher/SKILL.md
CAD-DEVELOPMENTS/.claude/skills|core-reviewer|CAD-DEVELOPMENTS/.claude/skills/coordination/core/core-reviewer/SKILL.md
CAD-DEVELOPMENTS/.claude/skills|core-tester|CAD-DEVELOPMENTS/.claude/skills/coordination/core/core-tester/SKILL.md
CAD-DEVELOPMENTS/.claude/skills|d3js|CAD-DEVELOPMENTS/.claude/skills/data/visualization/d3js/SKILL.md
CAD-DEVELOPMENTS/.claude/skills|dash|CAD-DEVELOPMENTS/.claude/skills/data/analysis/dash/SKILL.md
CAD-DEVELOPMENTS/.claude/skills|data-pipeline-processor|CAD-DEVELOPMENTS/.claude/skills/development/data-pipeline-processor/SKILL.md
CAD-DEVELOPMENTS/.claude/skills|data-validation-reporter|CAD-DEVELOPMENTS/.claude/skills/coordination/workspace/data-validation-reporter/SKILL.md
CAD-DEVELOPMENTS/.claude/skills|development-workflow-orchestrator|CAD-DEVELOPMENTS/.claude/skills/coordination/orchestration/development-workflow-orchestrator/SKILL.md
CAD-DEVELOPMENTS/.claude/skills|dnv|CAD-DEVELOPMENTS/.claude/skills/engineering/standards/dnv/SKILL.md
CAD-DEVELOPMENTS/.claude/skills|doc-coauthoring|CAD-DEVELOPMENTS/.claude/skills/business/communication/doc-coauthoring/SKILL.md
CAD-DEVELOPMENTS/.claude/skills|docker|CAD-DEVELOPMENTS/.claude/skills/operations/devtools/docker/SKILL.md
CAD-DEVELOPMENTS/.claude/skills|document-inventory|CAD-DEVELOPMENTS/.claude/skills/data/documents/document-inventory/SKILL.md
CAD-DEVELOPMENTS/.claude/skills|document-rag-pipeline|CAD-DEVELOPMENTS/.claude/skills/data/documents/document-rag-pipeline/SKILL.md
CAD-DEVELOPMENTS/.claude/skills|docx|CAD-DEVELOPMENTS/.claude/skills/data/documents/docx/SKILL.md
CAD-DEVELOPMENTS/.claude/skills|docx-templates|CAD-DEVELOPMENTS/.claude/skills/data/office/docx-templates/SKILL.md
CAD-DEVELOPMENTS/.claude/skills|dspy|CAD-DEVELOPMENTS/.claude/skills/ai/prompting/dspy/SKILL.md
CAD-DEVELOPMENTS/.claude/skills|echarts|CAD-DEVELOPMENTS/.claude/skills/data/visualization/echarts/SKILL.md
CAD-DEVELOPMENTS/.claude/skills|engineering-report-generator|CAD-DEVELOPMENTS/.claude/skills/development/engineering-report-generator/SKILL.md
CAD-DEVELOPMENTS/.claude/skills|excel-translation|CAD-DEVELOPMENTS/.claude/skills/data/analysis/excel-translation/SKILL.md
CAD-DEVELOPMENTS/.claude/skills|fatigue-analysis|CAD-DEVELOPMENTS/.claude/skills/engineering/marine-offshore/fatigue-analysis/SKILL.md
CAD-DEVELOPMENTS/.claude/skills|file-organization-assistant|CAD-DEVELOPMENTS/.claude/skills/coordination/workspace/file-organization-assistant/SKILL.md
CAD-DEVELOPMENTS/.claude/skills|frontend-design|CAD-DEVELOPMENTS/.claude/skills/business/content-design/frontend-design/SKILL.md
CAD-DEVELOPMENTS/.claude/skills|git-advanced|CAD-DEVELOPMENTS/.claude/skills/operations/devtools/git-advanced/SKILL.md
CAD-DEVELOPMENTS/.claude/skills|github-actions|CAD-DEVELOPMENTS/.claude/skills/operations/automation/github-actions/SKILL.md
CAD-DEVELOPMENTS/.claude/skills|github-code-review|CAD-DEVELOPMENTS/.claude/skills/development/github/github-code-review/SKILL.md
CAD-DEVELOPMENTS/.claude/skills|github-issue-tracker|CAD-DEVELOPMENTS/.claude/skills/development/github/github-issue-tracker/SKILL.md
CAD-DEVELOPMENTS/.claude/skills|github-modes|CAD-DEVELOPMENTS/.claude/skills/development/github/github-modes/SKILL.md
CAD-DEVELOPMENTS/.claude/skills|github-multi-repo|CAD-DEVELOPMENTS/.claude/skills/development/github/github-multi-repo/SKILL.md
CAD-DEVELOPMENTS/.claude/skills|github-pr-manager|CAD-DEVELOPMENTS/.claude/skills/development/github/github-pr-manager/SKILL.md
CAD-DEVELOPMENTS/.claude/skills|github-project-board|CAD-DEVELOPMENTS/.claude/skills/development/github/github-project-board/SKILL.md
CAD-DEVELOPMENTS/.claude/skills|github-release-manager|CAD-DEVELOPMENTS/.claude/skills/development/github/github-release-manager/SKILL.md
CAD-DEVELOPMENTS/.claude/skills|github-release-swarm|CAD-DEVELOPMENTS/.claude/skills/development/github/github-release-swarm/SKILL.md
CAD-DEVELOPMENTS/.claude/skills|github-repo-architect|CAD-DEVELOPMENTS/.claude/skills/development/github/github-repo-architect/SKILL.md
CAD-DEVELOPMENTS/.claude/skills|github-swarm-issue|CAD-DEVELOPMENTS/.claude/skills/development/github/github-swarm-issue/SKILL.md
CAD-DEVELOPMENTS/.claude/skills|github-swarm-pr|CAD-DEVELOPMENTS/.claude/skills/development/github/github-swarm-pr/SKILL.md
CAD-DEVELOPMENTS/.claude/skills|github-sync|CAD-DEVELOPMENTS/.claude/skills/development/github/github-sync/SKILL.md
CAD-DEVELOPMENTS/.claude/skills|github-workflow|CAD-DEVELOPMENTS/.claude/skills/development/github/github-workflow/SKILL.md
CAD-DEVELOPMENTS/.claude/skills|git-worktree-workflow|CAD-DEVELOPMENTS/.claude/skills/development/git-worktree-workflow/SKILL.md
CAD-DEVELOPMENTS/.claude/skills|great-tables|CAD-DEVELOPMENTS/.claude/skills/data/analysis/great-tables/SKILL.md
CAD-DEVELOPMENTS/.claude/skills|highcharts|CAD-DEVELOPMENTS/.claude/skills/data/visualization/highcharts/SKILL.md
CAD-DEVELOPMENTS/.claude/skills|html-reporting-enforcer|CAD-DEVELOPMENTS/.claude/skills/coordination/workspace/html-reporting-enforcer/SKILL.md
CAD-DEVELOPMENTS/.claude/skills|hydrodynamic-analysis|CAD-DEVELOPMENTS/.claude/skills/engineering/marine-offshore/hydrodynamic-analysis/SKILL.md
CAD-DEVELOPMENTS/.claude/skills|interactive-report-generator|CAD-DEVELOPMENTS/.claude/skills/coordination/workspace/interactive-report-generator/SKILL.md
CAD-DEVELOPMENTS/.claude/skills|internal-comms|CAD-DEVELOPMENTS/.claude/skills/business/communication/internal-comms/SKILL.md
CAD-DEVELOPMENTS/.claude/skills|iso|CAD-DEVELOPMENTS/.claude/skills/engineering/standards/iso/SKILL.md
CAD-DEVELOPMENTS/.claude/skills|knowledge-base-builder|CAD-DEVELOPMENTS/.claude/skills/data/documents/knowledge-base-builder/SKILL.md
CAD-DEVELOPMENTS/.claude/skills|knowledge-base-system|CAD-DEVELOPMENTS/.claude/skills/coordination/workspace/knowledge-base-system/SKILL.md
CAD-DEVELOPMENTS/.claude/skills|knowledge-manager|CAD-DEVELOPMENTS/.claude/skills/coordination/workspace/knowledge-manager/SKILL.md
CAD-DEVELOPMENTS/.claude/skills|langchain|CAD-DEVELOPMENTS/.claude/skills/ai/prompting/langchain/SKILL.md
CAD-DEVELOPMENTS/.claude/skills|lead-generation|CAD-DEVELOPMENTS/.claude/skills/business/marketing/lead-generation/SKILL.md
CAD-DEVELOPMENTS/.claude/skills|marine-offshore-engineering|CAD-DEVELOPMENTS/.claude/skills/engineering/marine-offshore/marine-offshore-engineering/SKILL.md
CAD-DEVELOPMENTS/.claude/skills|marine-safety|CAD-DEVELOPMENTS/.claude/skills/engineering/marine-offshore/marine-safety/SKILL.md
CAD-DEVELOPMENTS/.claude/skills|mcp-builder|CAD-DEVELOPMENTS/.claude/skills/development/mcp-builder/SKILL.md
CAD-DEVELOPMENTS/.claude/skills|miro-api|CAD-DEVELOPMENTS/.claude/skills/business/communication/miro-api/SKILL.md
CAD-DEVELOPMENTS/.claude/skills|model-selection|CAD-DEVELOPMENTS/.claude/skills/ai/optimization/model-selection/SKILL.md
CAD-DEVELOPMENTS/.claude/skills|mooring-analysis|CAD-DEVELOPMENTS/.claude/skills/engineering/marine-offshore/mooring-analysis/SKILL.md
CAD-DEVELOPMENTS/.claude/skills|n8n|CAD-DEVELOPMENTS/.claude/skills/operations/automation/n8n/SKILL.md
CAD-DEVELOPMENTS/.claude/skills|norsok|CAD-DEVELOPMENTS/.claude/skills/engineering/standards/norsok/SKILL.md
CAD-DEVELOPMENTS/.claude/skills|notion-api|CAD-DEVELOPMENTS/.claude/skills/business/productivity/notion-api/SKILL.md
CAD-DEVELOPMENTS/.claude/skills|numpy-numerical-analysis|CAD-DEVELOPMENTS/.claude/skills/data/scientific/numpy-numerical-analysis/SKILL.md
CAD-DEVELOPMENTS/.claude/skills|obsidian|CAD-DEVELOPMENTS/.claude/skills/business/productivity/obsidian/SKILL.md
CAD-DEVELOPMENTS/.claude/skills|openpyxl|CAD-DEVELOPMENTS/.claude/skills/data/office/openpyxl/SKILL.md
CAD-DEVELOPMENTS/.claude/skills|optimization-analyzer|CAD-DEVELOPMENTS/.claude/skills/operations/performance/optimization-analyzer/SKILL.md
CAD-DEVELOPMENTS/.claude/skills|optimization-benchmark|CAD-DEVELOPMENTS/.claude/skills/operations/performance/optimization-benchmark/SKILL.md
CAD-DEVELOPMENTS/.claude/skills|optimization-load-balancer|CAD-DEVELOPMENTS/.claude/skills/operations/performance/optimization-load-balancer/SKILL.md
CAD-DEVELOPMENTS/.claude/skills|optimization-monitor|CAD-DEVELOPMENTS/.claude/skills/operations/performance/optimization-monitor/SKILL.md
CAD-DEVELOPMENTS/.claude/skills|optimization-resources|CAD-DEVELOPMENTS/.claude/skills/operations/performance/optimization-resources/SKILL.md
CAD-DEVELOPMENTS/.claude/skills|optimization-topology|CAD-DEVELOPMENTS/.claude/skills/operations/performance/optimization-topology/SKILL.md
CAD-DEVELOPMENTS/.claude/skills|orcaflex-specialist|CAD-DEVELOPMENTS/.claude/skills/engineering/marine-offshore/orcaflex-specialist/SKILL.md
CAD-DEVELOPMENTS/.claude/skills|pandasai|CAD-DEVELOPMENTS/.claude/skills/ai/prompting/pandasai/SKILL.md
CAD-DEVELOPMENTS/.claude/skills|pandas-data-processing|CAD-DEVELOPMENTS/.claude/skills/data/scientific/pandas-data-processing/SKILL.md
CAD-DEVELOPMENTS/.claude/skills|parallel-file-processor|CAD-DEVELOPMENTS/.claude/skills/development/parallel-file-processor/SKILL.md
CAD-DEVELOPMENTS/.claude/skills|pdf|CAD-DEVELOPMENTS/.claude/skills/data/documents/pdf/SKILL.md
CAD-DEVELOPMENTS/.claude/skills|pdf-large-reader|CAD-DEVELOPMENTS/.claude/skills/data/documents/pdf-large-reader/SKILL.md
CAD-DEVELOPMENTS/.claude/skills|pdf-text-extractor|CAD-DEVELOPMENTS/.claude/skills/data/documents/pdf-text-extractor/SKILL.md
CAD-DEVELOPMENTS/.claude/skills|planning-code-goal|CAD-DEVELOPMENTS/.claude/skills/development/planning/planning-code-goal/SKILL.md
CAD-DEVELOPMENTS/.claude/skills|planning-goal|CAD-DEVELOPMENTS/.claude/skills/development/planning/planning-goal/SKILL.md
CAD-DEVELOPMENTS/.claude/skills|plotly|CAD-DEVELOPMENTS/.claude/skills/data/visualization/plotly/SKILL.md
CAD-DEVELOPMENTS/.claude/skills|polars|CAD-DEVELOPMENTS/.claude/skills/data/analysis/polars/SKILL.md
CAD-DEVELOPMENTS/.claude/skills|pptx|CAD-DEVELOPMENTS/.claude/skills/data/documents/pptx/SKILL.md
CAD-DEVELOPMENTS/.claude/skills|production-engineering|CAD-DEVELOPMENTS/.claude/skills/engineering/marine-offshore/production-engineering/SKILL.md
CAD-DEVELOPMENTS/.claude/skills|product-roadmap|CAD-DEVELOPMENTS/.claude/skills/business/product/product-roadmap/SKILL.md
CAD-DEVELOPMENTS/.claude/skills|prompt-engineering|CAD-DEVELOPMENTS/.claude/skills/ai/prompting/prompt-engineering/SKILL.md
CAD-DEVELOPMENTS/.claude/skills|pypdf|CAD-DEVELOPMENTS/.claude/skills/data/office/pypdf/SKILL.md
CAD-DEVELOPMENTS/.claude/skills|pyproject-toml|CAD-DEVELOPMENTS/.claude/skills/operations/devtools/pyproject-toml/SKILL.md
CAD-DEVELOPMENTS/.claude/skills|pytest-fixture-generator|CAD-DEVELOPMENTS/.claude/skills/development/testing/pytest-fixture-generator/SKILL.md
CAD-DEVELOPMENTS/.claude/skills|python-docx|CAD-DEVELOPMENTS/.claude/skills/data/office/python-docx/SKILL.md
CAD-DEVELOPMENTS/.claude/skills|python-pptx|CAD-DEVELOPMENTS/.claude/skills/data/office/python-pptx/SKILL.md
CAD-DEVELOPMENTS/.claude/skills|python-project-template|CAD-DEVELOPMENTS/.claude/skills/development/workflows/python-project-template/SKILL.md
CAD-DEVELOPMENTS/.claude/skills|python-scientific-computing|CAD-DEVELOPMENTS/.claude/skills/data/scientific/python-scientific-computing/SKILL.md
CAD-DEVELOPMENTS/.claude/skills|rag-system-builder|CAD-DEVELOPMENTS/.claude/skills/data/documents/rag-system-builder/SKILL.md
CAD-DEVELOPMENTS/.claude/skills|raycast-alfred|CAD-DEVELOPMENTS/.claude/skills/operations/devtools/raycast-alfred/SKILL.md
CAD-DEVELOPMENTS/.claude/skills|refactor-migrate-claude-md-to-|CAD-DEVELOPMENTS/.claude/skills/coordination/workspace/auto-generated/refactor-migrate-claude-md-to-/SKILL.md
CAD-DEVELOPMENTS/.claude/skills|refactor-migrate-claude-md-to-|CAD-DEVELOPMENTS/.claude/skills/workspace-hub/auto-generated/refactor-migrate-claude-md-to-/SKILL.md
CAD-DEVELOPMENTS/.claude/skills|repo-capability-map|CAD-DEVELOPMENTS/.claude/skills/coordination/workspace/repo-capability-map/SKILL.md
CAD-DEVELOPMENTS/.claude/skills|repo-readiness|CAD-DEVELOPMENTS/.claude/skills/coordination/workspace/repo-readiness/SKILL.md
CAD-DEVELOPMENTS/.claude/skills|repository-health-analyzer|CAD-DEVELOPMENTS/.claude/skills/coordination/workspace/repository-health-analyzer/SKILL.md
CAD-DEVELOPMENTS/.claude/skills|repo-sync|CAD-DEVELOPMENTS/.claude/skills/coordination/workspace/repo-sync/SKILL.md
CAD-DEVELOPMENTS/.claude/skills|risk-assessment|CAD-DEVELOPMENTS/.claude/skills/engineering/marine-offshore/risk-assessment/SKILL.md
CAD-DEVELOPMENTS/.claude/skills|semantic-search-setup|CAD-DEVELOPMENTS/.claude/skills/data/documents/semantic-search-setup/SKILL.md
CAD-DEVELOPMENTS/.claude/skills|seo-optimizer|CAD-DEVELOPMENTS/.claude/skills/business/marketing/seo-optimizer/SKILL.md
CAD-DEVELOPMENTS/.claude/skills|ship-dynamics-6dof|CAD-DEVELOPMENTS/.claude/skills/engineering/marine-offshore/ship-dynamics-6dof/SKILL.md
CAD-DEVELOPMENTS/.claude/skills|skill-eval|CAD-DEVELOPMENTS/.claude/skills/development/skill-eval/SKILL.md
CAD-DEVELOPMENTS/.claude/skills|skill-learner|CAD-DEVELOPMENTS/.claude/skills/coordination/workspace/skill-learner/SKILL.md
CAD-DEVELOPMENTS/.claude/skills|slack-api|CAD-DEVELOPMENTS/.claude/skills/business/communication/slack-api/SKILL.md
CAD-DEVELOPMENTS/.claude/skills|slack-gif-creator|CAD-DEVELOPMENTS/.claude/skills/business/communication/slack-gif-creator/SKILL.md
CAD-DEVELOPMENTS/.claude/skills|social-media|CAD-DEVELOPMENTS/.claude/skills/business/marketing/social-media/SKILL.md
CAD-DEVELOPMENTS/.claude/skills|sparc-architecture|CAD-DEVELOPMENTS/.claude/skills/development/sparc/sparc-architecture/SKILL.md
CAD-DEVELOPMENTS/.claude/skills|sparc-pseudocode|CAD-DEVELOPMENTS/.claude/skills/development/sparc/sparc-pseudocode/SKILL.md
CAD-DEVELOPMENTS/.claude/skills|sparc-refinement|CAD-DEVELOPMENTS/.claude/skills/development/sparc/sparc-refinement/SKILL.md
CAD-DEVELOPMENTS/.claude/skills|sparc-specification|CAD-DEVELOPMENTS/.claude/skills/development/sparc/sparc-specification/SKILL.md
CAD-DEVELOPMENTS/.claude/skills|sparc-workflow|CAD-DEVELOPMENTS/.claude/skills/coordination/orchestration/sparc-workflow/SKILL.md
CAD-DEVELOPMENTS/.claude/skills|streamlit|CAD-DEVELOPMENTS/.claude/skills/data/analysis/streamlit/SKILL.md
CAD-DEVELOPMENTS/.claude/skills|structural-analysis|CAD-DEVELOPMENTS/.claude/skills/engineering/marine-offshore/structural-analysis/SKILL.md
CAD-DEVELOPMENTS/.claude/skills|subagent-driven|CAD-DEVELOPMENTS/.claude/skills/development/subagent-driven/SKILL.md
CAD-DEVELOPMENTS/.claude/skills|sweetviz|CAD-DEVELOPMENTS/.claude/skills/data/analysis/sweetviz/SKILL.md
CAD-DEVELOPMENTS/.claude/skills|systematic-debugging|CAD-DEVELOPMENTS/.claude/skills/development/systematic-debugging/SKILL.md
CAD-DEVELOPMENTS/.claude/skills|tdd-obra|CAD-DEVELOPMENTS/.claude/skills/development/tdd-obra/SKILL.md
CAD-DEVELOPMENTS/.claude/skills|teams-api|CAD-DEVELOPMENTS/.claude/skills/business/communication/teams-api/SKILL.md
CAD-DEVELOPMENTS/.claude/skills|testing-production|CAD-DEVELOPMENTS/.claude/skills/development/testing/testing-production/SKILL.md
CAD-DEVELOPMENTS/.claude/skills|testing-tdd-london|CAD-DEVELOPMENTS/.claude/skills/development/testing/testing-tdd-london/SKILL.md
CAD-DEVELOPMENTS/.claude/skills|theme-factory|CAD-DEVELOPMENTS/.claude/skills/business/content-design/theme-factory/SKILL.md
CAD-DEVELOPMENTS/.claude/skills|time-tracking|CAD-DEVELOPMENTS/.claude/skills/business/productivity/time-tracking/SKILL.md
CAD-DEVELOPMENTS/.claude/skills|today|CAD-DEVELOPMENTS/.claude/skills/business/productivity/today/SKILL.md
CAD-DEVELOPMENTS/.claude/skills|todoist-api|CAD-DEVELOPMENTS/.claude/skills/business/productivity/todoist-api/SKILL.md
CAD-DEVELOPMENTS/.claude/skills|trello-api|CAD-DEVELOPMENTS/.claude/skills/business/productivity/trello-api/SKILL.md
CAD-DEVELOPMENTS/.claude/skills|usage-optimization|CAD-DEVELOPMENTS/.claude/skills/ai/optimization/usage-optimization/SKILL.md
CAD-DEVELOPMENTS/.claude/skills|uv-package-manager|CAD-DEVELOPMENTS/.claude/skills/operations/devtools/uv-package-manager/SKILL.md
CAD-DEVELOPMENTS/.claude/skills|verification-loop|CAD-DEVELOPMENTS/.claude/skills/development/verification-loop/SKILL.md
CAD-DEVELOPMENTS/.claude/skills|vscode-extensions|CAD-DEVELOPMENTS/.claude/skills/operations/devtools/vscode-extensions/SKILL.md
CAD-DEVELOPMENTS/.claude/skills|wave-theory|CAD-DEVELOPMENTS/.claude/skills/engineering/marine-offshore/wave-theory/SKILL.md
CAD-DEVELOPMENTS/.claude/skills|webapp-testing|CAD-DEVELOPMENTS/.claude/skills/development/webapp-testing/SKILL.md
CAD-DEVELOPMENTS/.claude/skills|windmill|CAD-DEVELOPMENTS/.claude/skills/operations/automation/windmill/SKILL.md
CAD-DEVELOPMENTS/.claude/skills|work-queue|CAD-DEVELOPMENTS/.claude/skills/coordination/workspace/work-queue/SKILL.md
CAD-DEVELOPMENTS/.claude/skills|workspace-cli|CAD-DEVELOPMENTS/.claude/skills/coordination/workspace/workspace-cli/SKILL.md
CAD-DEVELOPMENTS/.claude/skills|writing-plans|CAD-DEVELOPMENTS/.claude/skills/development/planning/writing-plans/SKILL.md
CAD-DEVELOPMENTS/.claude/skills|xlsx|CAD-DEVELOPMENTS/.claude/skills/data/documents/xlsx/SKILL.md
CAD-DEVELOPMENTS/.claude/skills|yaml-configuration|CAD-DEVELOPMENTS/.claude/skills/data/scientific/yaml-configuration/SKILL.md
CAD-DEVELOPMENTS/.claude/skills|yaml-workflow-executor|CAD-DEVELOPMENTS/.claude/skills/development/yaml-workflow-executor/SKILL.md
CAD-DEVELOPMENTS/.claude/skills|ydata-profiling|CAD-DEVELOPMENTS/.claude/skills/data/analysis/ydata-profiling/SKILL.md
.claude/skills|account-research|.claude/skills/business/sales/account-research/SKILL.md
.claude/skills|aceengineer-website-update|.claude/skills/business/content-design/aceengineer-website-update/SKILL.md
.claude/skills|activepieces|.claude/skills/operations/automation/activepieces/SKILL.md
.claude/skills|agenta|.claude/skills/ai/prompting/agenta/SKILL.md
.claude/skills|agent-teams|.claude/skills/workspace-hub/agent-teams/SKILL.md
.claude/skills|agent-usage-optimizer|.claude/skills/ai/agent-usage-optimizer/SKILL.md
.claude/skills|ai-prompting|.claude/skills/ai/prompting/ai-prompting/SKILL.md
.claude/skills|airflow|.claude/skills/operations/automation/airflow/SKILL.md
.claude/skills|ai-tool-assessment|.claude/skills/operations/devtools/ai-tool-assessment/SKILL.md
.claude/skills|algorithmic-art|.claude/skills/business/content-design/algorithmic-art/SKILL.md
.claude/skills|analysis|.claude/skills/engineering/cfd/openfoam/analysis/SKILL.md
.claude/skills|analysis|.claude/skills/engineering/marine-offshore/orcawave/analysis/SKILL.md
.claude/skills|api12-drilling-analyzer|.claude/skills/data/energy/api12-drilling-analyzer/SKILL.md
.claude/skills|api|.claude/skills/engineering/standards/api/SKILL.md
.claude/skills|api-integration|.claude/skills/data/scientific/api-integration/SKILL.md
.claude/skills|aqwa-benchmark|.claude/skills/engineering/marine-offshore/orcawave/aqwa-benchmark/SKILL.md
.claude/skills|aqwa|.claude/skills/engineering/marine-offshore/aqwa/SKILL.md
.claude/skills|astm|.claude/skills/engineering/standards/astm/SKILL.md
.claude/skills|audit-support|.claude/skills/business/finance/audit-support/SKILL.md
.claude/skills|automation|.claude/skills/development/automation/automation/SKILL.md
.claude/skills|autoviz|.claude/skills/data/analysis/autoviz/SKILL.md
.claude/skills|background-service-manager|.claude/skills/operations/devtools/background-service-manager/SKILL.md
.claude/skills|batch-execution|.claude/skills/engineering/marine-offshore/aqwa/batch-execution/SKILL.md
.claude/skills|batch-manager|.claude/skills/engineering/marine-offshore/orcaflex/batch-manager/SKILL.md
.claude/skills|bemrosetta|.claude/skills/engineering/marine-offshore/bemrosetta/SKILL.md
.claude/skills|blender|.claude/skills/engineering/cad/blender/SKILL.md
.claude/skills|brand-guidelines|.claude/skills/business/communication/brand-guidelines/SKILL.md
.claude/skills|brand-voice|.claude/skills/business/marketing/brand-voice/SKILL.md
.claude/skills|bsee-data-extractor|.claude/skills/data/energy/bsee-data-extractor/SKILL.md
.claude/skills|bsee-sodir-extraction|.claude/skills/data/analysis/bsee-sodir-extraction/SKILL.md
.claude/skills|cad-engineering|.claude/skills/engineering/cad/cad-engineering/SKILL.md
.claude/skills|cad-mesh-generation|.claude/skills/data/scientific/cad-mesh-generation/SKILL.md
.claude/skills|calculation-report|.claude/skills/data/calculation-report/SKILL.md
.claude/skills|calendly-api|.claude/skills/business/communication/calendly-api/SKILL.md
.claude/skills|call-prep|.claude/skills/business/sales/call-prep/SKILL.md
.claude/skills|campaign-planning|.claude/skills/business/marketing/campaign-planning/SKILL.md
.claude/skills|canned-responses|.claude/skills/business/legal/canned-responses/SKILL.md
.claude/skills|canvas-design|.claude/skills/business/content-design/canvas-design/SKILL.md
.claude/skills|catenary-riser|.claude/skills/engineering/marine-offshore/catenary-riser/SKILL.md
.claude/skills|cathodic-protection|.claude/skills/engineering/marine-offshore/cathodic-protection/SKILL.md
.claude/skills|chartjs|.claude/skills/data/visualization/chartjs/SKILL.md
.claude/skills|clean-code|.claude/skills/workspace-hub/clean-code/SKILL.md
.claude/skills|clinical-trial-protocol|.claude/skills/science/bio-research/clinical-trial-protocol/SKILL.md
.claude/skills|cli-productivity|.claude/skills/operations/devtools/cli-productivity/SKILL.md
.claude/skills|close-management|.claude/skills/business/finance/close-management/SKILL.md
.claude/skills|code-check|.claude/skills/engineering/marine-offshore/orcaflex/code-check/SKILL.md
.claude/skills|code-review|.claude/skills/development/github/code-review/SKILL.md
.claude/skills|code-reviewer|.claude/skills/development/code-reviewer/SKILL.md
.claude/skills|communication|.claude/skills/business/communication/communication/SKILL.md
.claude/skills|competitive-analysis|.claude/skills/business/marketing/competitive-analysis/SKILL.md
.claude/skills|competitive-analysis|.claude/skills/business/product/competitive-analysis/SKILL.md
.claude/skills|competitive-intelligence|.claude/skills/business/sales/competitive-intelligence/SKILL.md
.claude/skills|compliance|.claude/skills/business/legal/compliance/SKILL.md
.claude/skills|comprehensive-learning|.claude/skills/workspace-hub/comprehensive-learning/SKILL.md
.claude/skills|content-strategy|.claude/skills/business/marketing/content-strategy/SKILL.md
.claude/skills|contract-review|.claude/skills/business/legal/contract-review/SKILL.md
.claude/skills|cowork-plugin-customizer|.claude/skills/development/plugin-management/cowork-plugin-customizer/SKILL.md
.claude/skills|cp|.claude/skills/engineering/doc-extraction/cp/SKILL.md
.claude/skills|create-an-asset|.claude/skills/business/sales/create-an-asset/SKILL.md
.claude/skills|customer-research|.claude/skills/business/customer-support/customer-research/SKILL.md
.claude/skills|d3js|.claude/skills/data/visualization/d3js/SKILL.md
.claude/skills|daily-briefing|.claude/skills/business/sales/daily-briefing/SKILL.md
.claude/skills|damping-sweep|.claude/skills/engineering/marine-offshore/orcawave/damping-sweep/SKILL.md
.claude/skills|dark-intelligence-workflow|.claude/skills/data/dark-intelligence-workflow/SKILL.md
.claude/skills|dash|.claude/skills/data/analysis/dash/SKILL.md
.claude/skills|data-analysis|.claude/skills/data/analysis/data-analysis/SKILL.md
.claude/skills|data-context-extractor|.claude/skills/data/analytics/data-context-extractor/SKILL.md
.claude/skills|data-exploration|.claude/skills/data/analytics/data-exploration/SKILL.md
.claude/skills|data-fetcher|.claude/skills/data/energy/metocean/data-fetcher/SKILL.md
.claude/skills|data-management|.claude/skills/data/analysis/data-management/SKILL.md
.claude/skills|data-pipeline-processor|.claude/skills/development/data-pipeline-processor/SKILL.md
.claude/skills|data-validation|.claude/skills/data/analytics/data-validation/SKILL.md
.claude/skills|data-visualization|.claude/skills/data/analytics/data-visualization/SKILL.md
.claude/skills|devtools|.claude/skills/development/tools/devtools/SKILL.md
.claude/skills|diffraction-analysis|.claude/skills/engineering/marine-offshore/diffraction-analysis/SKILL.md
.claude/skills|dnv|.claude/skills/engineering/standards/dnv/SKILL.md
.claude/skills|doc-coauthoring|.claude/skills/business/communication/doc-coauthoring/SKILL.md
.claude/skills|doc-extraction|.claude/skills/engineering/doc-extraction/SKILL.md
.claude/skills|doc-intelligence-promotion|.claude/skills/data/doc-intelligence-promotion/SKILL.md
.claude/skills|docker|.claude/skills/operations/devtools/docker/SKILL.md
.claude/skills|doc-research-download|.claude/skills/data/doc-research-download/SKILL.md
.claude/skills|documentation|.claude/skills/development/documentation/documentation/SKILL.md
.claude/skills|document-index-pipeline|.claude/skills/data/document-index-pipeline/SKILL.md
.claude/skills|document-inventory|.claude/skills/data/documents/document-inventory/SKILL.md
.claude/skills|document-rag-pipeline|.claude/skills/data/documents/document-rag-pipeline/SKILL.md
.claude/skills|docusaurus|.claude/skills/development/documentation/docusaurus/SKILL.md
.claude/skills|docx|.claude/skills/data/documents/docx/SKILL.md
.claude/skills|docx-templates|.claude/skills/data/office/docx-templates/SKILL.md
.claude/skills|draft-outreach|.claude/skills/business/sales/draft-outreach/SKILL.md
.claude/skills|drillbotics|.claude/skills/engineering/drilling/drillbotics/SKILL.md
.claude/skills|drilling|.claude/skills/engineering/drilling/SKILL.md
.claude/skills|drilling-riser|.claude/skills/engineering/doc-extraction/drilling-riser/SKILL.md
.claude/skills|dspy|.claude/skills/ai/prompting/dspy/SKILL.md
.claude/skills|echarts|.claude/skills/data/visualization/echarts/SKILL.md
.claude/skills|economic-sensitivity-analyzer|.claude/skills/data/energy/economic-sensitivity-analyzer/SKILL.md
.claude/skills|ecosystem-terminology|.claude/skills/workspace-hub/ecosystem-terminology/SKILL.md
.claude/skills|elite-frontend-ux|.claude/skills/development/elite-frontend-ux/SKILL.md
.claude/skills|energy-data-visualizer|.claude/skills/data/energy/energy-data-visualizer/SKILL.md
.claude/skills|engineering-chatbot|.claude/skills/business/client-demo/engineering-chatbot/SKILL.md
.claude/skills|engineering-report-generator|.claude/skills/development/engineering-report-generator/SKILL.md
.claude/skills|environment-config|.claude/skills/engineering/marine-offshore/orcaflex/environment-config/SKILL.md
.claude/skills|escalation|.claude/skills/business/customer-support/escalation/SKILL.md
.claude/skills|excel-translation|.claude/skills/data/analysis/excel-translation/SKILL.md
.claude/skills|expense-tracking|.claude/skills/business/admin/expense-tracking/SKILL.md
.claude/skills|extreme-analysis|.claude/skills/engineering/marine-offshore/orcaflex/extreme-analysis/SKILL.md
.claude/skills|fatigue-analysis|.claude/skills/engineering/marine-offshore/fatigue-analysis/SKILL.md
.claude/skills|fdas-economics|.claude/skills/data/energy/fdas-economics/SKILL.md
.claude/skills|fe-analyst|.claude/skills/engineering/marine-offshore/fe-analyst/SKILL.md
.claude/skills|feature-spec|.claude/skills/business/product/feature-spec/SKILL.md
.claude/skills|field-analyzer|.claude/skills/data/energy/field-analyzer/SKILL.md
.claude/skills|file-conversion|.claude/skills/engineering/marine-offshore/orcaflex/file-conversion/SKILL.md
.claude/skills|financial-analysis|.claude/skills/engineering/financial-analysis/SKILL.md
.claude/skills|financial-statements|.claude/skills/business/finance/financial-statements/SKILL.md
.claude/skills|fitness-for-service|.claude/skills/engineering/asset-integrity/fitness-for-service/SKILL.md
.claude/skills|freecad-automation|.claude/skills/engineering/cad/freecad-automation/SKILL.md
.claude/skills|frontend-design|.claude/skills/business/content-design/frontend-design/SKILL.md
.claude/skills|gis-informed-workflow|.claude/skills/engineering/gis/gis-informed-workflow/SKILL.md
.claude/skills|git-advanced|.claude/skills/operations/devtools/git-advanced/SKILL.md
.claude/skills|gitbook|.claude/skills/development/documentation/gitbook/SKILL.md
.claude/skills|github-actions|.claude/skills/operations/automation/github-actions/SKILL.md
.claude/skills|gitignore-scaffold|.claude/skills/development/gitignore-scaffold/SKILL.md
.claude/skills|git-worktree-workflow|.claude/skills/development/git-worktree-workflow/SKILL.md
.claude/skills|gmsh-meshing|.claude/skills/engineering/cad/gmsh-meshing/SKILL.md
.claude/skills|google-earth-engine|.claude/skills/engineering/gis/google-earth-engine/SKILL.md
.claude/skills|great-tables|.claude/skills/data/analysis/great-tables/SKILL.md
.claude/skills|gsd-add-backlog|.claude/skills/gsd-add-backlog/SKILL.md
.claude/skills|gsd-add-phase|.claude/skills/gsd-add-phase/SKILL.md
.claude/skills|gsd-add-tests|.claude/skills/gsd-add-tests/SKILL.md
.claude/skills|gsd-add-todo|.claude/skills/gsd-add-todo/SKILL.md
.claude/skills|gsd-audit-milestone|.claude/skills/gsd-audit-milestone/SKILL.md
.claude/skills|gsd-audit-uat|.claude/skills/gsd-audit-uat/SKILL.md
.claude/skills|gsd-autonomous|.claude/skills/gsd-autonomous/SKILL.md
.claude/skills|gsd-check-todos|.claude/skills/gsd-check-todos/SKILL.md
.claude/skills|gsd-cleanup|.claude/skills/gsd-cleanup/SKILL.md
.claude/skills|gsd-complete-milestone|.claude/skills/gsd-complete-milestone/SKILL.md
.claude/skills|gsd-debug|.claude/skills/gsd-debug/SKILL.md
.claude/skills|gsd-discuss-phase|.claude/skills/gsd-discuss-phase/SKILL.md
.claude/skills|gsd-do|.claude/skills/gsd-do/SKILL.md
.claude/skills|gsd-execute-phase|.claude/skills/gsd-execute-phase/SKILL.md
.claude/skills|gsd-fast|.claude/skills/gsd-fast/SKILL.md
.claude/skills|gsd-forensics|.claude/skills/gsd-forensics/SKILL.md
.claude/skills|gsd-health|.claude/skills/gsd-health/SKILL.md
.claude/skills|gsd-help|.claude/skills/gsd-help/SKILL.md
.claude/skills|gsd-insert-phase|.claude/skills/gsd-insert-phase/SKILL.md
.claude/skills|gsd-join-discord|.claude/skills/gsd-join-discord/SKILL.md
.claude/skills|gsd-list-phase-assumptions|.claude/skills/gsd-list-phase-assumptions/SKILL.md
.claude/skills|gsd-list-workspaces|.claude/skills/gsd-list-workspaces/SKILL.md
.claude/skills|gsd-manager|.claude/skills/gsd-manager/SKILL.md
.claude/skills|gsd-map-codebase|.claude/skills/gsd-map-codebase/SKILL.md
.claude/skills|gsd-milestone-summary|.claude/skills/gsd-milestone-summary/SKILL.md
.claude/skills|gsd-new-milestone|.claude/skills/gsd-new-milestone/SKILL.md
.claude/skills|gsd-new-project|.claude/skills/gsd-new-project/SKILL.md
.claude/skills|gsd-new-workspace|.claude/skills/gsd-new-workspace/SKILL.md
.claude/skills|gsd-next|.claude/skills/gsd-next/SKILL.md
.claude/skills|gsd-note|.claude/skills/gsd-note/SKILL.md
.claude/skills|gsd-pause-work|.claude/skills/gsd-pause-work/SKILL.md
.claude/skills|gsd-plan-milestone-gaps|.claude/skills/gsd-plan-milestone-gaps/SKILL.md
.claude/skills|gsd-plan-phase|.claude/skills/gsd-plan-phase/SKILL.md
.claude/skills|gsd-plant-seed|.claude/skills/gsd-plant-seed/SKILL.md
.claude/skills|gsd-pr-branch|.claude/skills/gsd-pr-branch/SKILL.md
.claude/skills|gsd-profile-user|.claude/skills/gsd-profile-user/SKILL.md
.claude/skills|gsd-progress|.claude/skills/gsd-progress/SKILL.md
.claude/skills|gsd-quick|.claude/skills/gsd-quick/SKILL.md
.claude/skills|gsd-reapply-patches|.claude/skills/gsd-reapply-patches/SKILL.md
.claude/skills|gsd-remove-phase|.claude/skills/gsd-remove-phase/SKILL.md
.claude/skills|gsd-remove-workspace|.claude/skills/gsd-remove-workspace/SKILL.md
.claude/skills|gsd-research-phase|.claude/skills/gsd-research-phase/SKILL.md
.claude/skills|gsd-resume-work|.claude/skills/gsd-resume-work/SKILL.md
.claude/skills|gsd-review-backlog|.claude/skills/gsd-review-backlog/SKILL.md
.claude/skills|gsd-review|.claude/skills/gsd-review/SKILL.md
.claude/skills|gsd-session-report|.claude/skills/gsd-session-report/SKILL.md
.claude/skills|gsd-set-profile|.claude/skills/gsd-set-profile/SKILL.md
.claude/skills|gsd-settings|.claude/skills/gsd-settings/SKILL.md
.claude/skills|gsd-ship|.claude/skills/gsd-ship/SKILL.md
.claude/skills|gsd-stats|.claude/skills/gsd-stats/SKILL.md
.claude/skills|gsd-thread|.claude/skills/gsd-thread/SKILL.md
.claude/skills|gsd-ui-phase|.claude/skills/gsd-ui-phase/SKILL.md
.claude/skills|gsd-ui-review|.claude/skills/gsd-ui-review/SKILL.md
.claude/skills|gsd-update|.claude/skills/gsd-update/SKILL.md
.claude/skills|gsd-validate-phase|.claude/skills/gsd-validate-phase/SKILL.md
.claude/skills|gsd-verify-work|.claude/skills/gsd-verify-work/SKILL.md
.claude/skills|gsd-workstreams|.claude/skills/gsd-workstreams/SKILL.md
.claude/skills|hardware-assessment|.claude/skills/operations/devops/hardware-assessment/SKILL.md
.claude/skills|highcharts|.claude/skills/data/visualization/highcharts/SKILL.md
.claude/skills|hse-risk-analyzer|.claude/skills/data/energy/hse-risk-analyzer/SKILL.md
.claude/skills|html-report-verify|.claude/skills/development/html-report-verify/SKILL.md
.claude/skills|hydrodynamic-analysis|.claude/skills/engineering/marine-offshore/hydrodynamic-analysis/SKILL.md
.claude/skills|hydrodynamics|.claude/skills/engineering/marine-offshore/hydrodynamics/SKILL.md
.claude/skills|improve|.claude/skills/workspace-hub/improve/SKILL.md
.claude/skills|input|.claude/skills/engineering/marine-offshore/aqwa/input/SKILL.md
.claude/skills|installation-analysis|.claude/skills/engineering/marine-offshore/orcaflex/installation-analysis/SKILL.md
.claude/skills|instrument-data-allotrope|.claude/skills/science/bio-research/instrument-data-allotrope/SKILL.md
.claude/skills|interactive-dashboard-builder|.claude/skills/data/analytics/interactive-dashboard-builder/SKILL.md
.claude/skills|internal-comms|.claude/skills/business/communication/internal-comms/SKILL.md
.claude/skills|invoice-automation|.claude/skills/business/admin/invoice-automation/SKILL.md
.claude/skills|iso|.claude/skills/engineering/standards/iso/SKILL.md
.claude/skills|issue-tracker|.claude/skills/development/github/issue-tracker/SKILL.md
.claude/skills|journal-entry-prep|.claude/skills/business/finance/journal-entry-prep/SKILL.md
.claude/skills|jumper-analysis|.claude/skills/engineering/marine-offshore/orcaflex/jumper-analysis/SKILL.md
.claude/skills|knowledge-base-builder|.claude/skills/data/documents/knowledge-base-builder/SKILL.md
.claude/skills|knowledge-management|.claude/skills/business/customer-support/knowledge-management/SKILL.md
.claude/skills|knowledge-synthesis|.claude/skills/business/enterprise-search/knowledge-synthesis/SKILL.md
.claude/skills|langchain|.claude/skills/ai/prompting/langchain/SKILL.md
.claude/skills|large-reader|.claude/skills/data/documents/pdf/large-reader/SKILL.md
.claude/skills|lead-generation|.claude/skills/business/marketing/lead-generation/SKILL.md
.claude/skills|legal-risk-assessment|.claude/skills/business/legal/legal-risk-assessment/SKILL.md
.claude/skills|line-wizard|.claude/skills/engineering/marine-offshore/orcaflex/line-wizard/SKILL.md
.claude/skills|marine-offshore-engineering|.claude/skills/engineering/marine-offshore/marine-offshore-engineering/SKILL.md
.claude/skills|marine-safety|.claude/skills/engineering/marine-offshore/marine-safety/SKILL.md
.claude/skills|marine-safety-incidents|.claude/skills/data/energy/marine-safety-incidents/SKILL.md
.claude/skills|maritime-legal|.claude/skills/engineering/maritime-legal/SKILL.md
.claude/skills|marp|.claude/skills/development/documentation/marp/SKILL.md
.claude/skills|mcp-builder|.claude/skills/development/mcp-builder/SKILL.md
.claude/skills|md-to-pdf|.claude/skills/data/documents/md-to-pdf/SKILL.md
.claude/skills|meeting-briefing|.claude/skills/business/legal/meeting-briefing/SKILL.md
.claude/skills|memory-management|.claude/skills/business/productivity/memory-management/SKILL.md
.claude/skills|mesh-generation|.claude/skills/engineering/marine-offshore/orcawave/mesh-generation/SKILL.md
.claude/skills|mesh-utilities|.claude/skills/engineering/marine-offshore/mesh-utilities/SKILL.md
.claude/skills|metocean|.claude/skills/data/energy/metocean/SKILL.md
.claude/skills|metrics-tracking|.claude/skills/business/product/metrics-tracking/SKILL.md
.claude/skills|miro-api|.claude/skills/business/communication/miro-api/SKILL.md
.claude/skills|modal-analysis|.claude/skills/engineering/marine-offshore/orcaflex/modal-analysis/SKILL.md
.claude/skills|model-generator|.claude/skills/engineering/marine-offshore/orcaflex/model-generator/SKILL.md
.claude/skills|modeling|.claude/skills/engineering/marine-offshore/orcaflex/modeling/SKILL.md
.claude/skills|model-sanitization|.claude/skills/engineering/marine-offshore/orcaflex/model-sanitization/SKILL.md
.claude/skills|model-selection|.claude/skills/ai/optimization/model-selection/SKILL.md
.claude/skills|modes|.claude/skills/development/github/modes/SKILL.md
.claude/skills|modular-architecture-documentation|.claude/skills/business/admin/modular-architecture-documentation/SKILL.md
.claude/skills|module-lookup|.claude/skills/digitalmodel/module-lookup/SKILL.md
.claude/skills|monolithic-to-modular|.claude/skills/engineering/marine-offshore/orcaflex/monolithic-to-modular/SKILL.md
.claude/skills|mooring-analysis|.claude/skills/engineering/marine-offshore/mooring-analysis/SKILL.md
.claude/skills|mooring-design|.claude/skills/engineering/marine-offshore/mooring-design/SKILL.md
.claude/skills|mooring-iteration|.claude/skills/engineering/marine-offshore/orcaflex/mooring-iteration/SKILL.md
.claude/skills|multi-body|.claude/skills/engineering/marine-offshore/orcawave/multi-body/SKILL.md
.claude/skills|multi-repo|.claude/skills/development/github/multi-repo/SKILL.md
.claude/skills|n8n|.claude/skills/operations/automation/n8n/SKILL.md
.claude/skills|naval-architect-expert|.claude/skills/digitalmodel/naval-architect-expert/SKILL.md
.claude/skills|naval-architecture|.claude/skills/engineering/doc-extraction/naval-architecture/SKILL.md
.claude/skills|naval-architecture|.claude/skills/engineering/marine-offshore/naval-architecture/SKILL.md
.claude/skills|nda-triage|.claude/skills/business/legal/nda-triage/SKILL.md
.claude/skills|nextflow-pipelines|.claude/skills/science/bio-research/nextflow-pipelines/SKILL.md
.claude/skills|norsok|.claude/skills/engineering/standards/norsok/SKILL.md
.claude/skills|notion-api|.claude/skills/business/productivity/notion-api/SKILL.md
.claude/skills|npv-analyzer|.claude/skills/data/energy/npv-analyzer/SKILL.md
.claude/skills|numpy-numerical-analysis|.claude/skills/data/scientific/numpy-numerical-analysis/SKILL.md
.claude/skills|obsidian|.claude/skills/business/productivity/obsidian/SKILL.md
.claude/skills|office-docs|.claude/skills/data/office/office-docs/SKILL.md
.claude/skills|oil-and-gas|.claude/skills/engineering/oil-and-gas/SKILL.md
.claude/skills|openfoam|.claude/skills/engineering/cfd/openfoam/SKILL.md
.claude/skills|openpyxl|.claude/skills/data/office/openpyxl/SKILL.md
.claude/skills|operability|.claude/skills/engineering/marine-offshore/orcaflex/operability/SKILL.md
.claude/skills|orcaflex|.claude/skills/engineering/marine-offshore/orcaflex/SKILL.md
.claude/skills|orcaflex-enrichment|.claude/skills/data/engineering/orcaflex-enrichment/SKILL.md
.claude/skills|orcawave|.claude/skills/engineering/marine-offshore/orcawave/SKILL.md
.claude/skills|orchestrator-routing|.claude/skills/workspace-hub/agent-teams/orchestrator-routing/SKILL.md
.claude/skills|output|.claude/skills/engineering/marine-offshore/aqwa/output/SKILL.md
.claude/skills|pandasai|.claude/skills/ai/prompting/pandasai/SKILL.md
.claude/skills|pandas-data-processing|.claude/skills/data/scientific/pandas-data-processing/SKILL.md
.claude/skills|pandoc|.claude/skills/development/documentation/pandoc/SKILL.md
.claude/skills|parallel-file-processor|.claude/skills/development/parallel-file-processor/SKILL.md
.claude/skills|pdf|.claude/skills/data/documents/pdf/SKILL.md
.claude/skills|pdftotext-poppler|.claude/skills/data/documents/pdf/pdftotext-poppler/SKILL.md
.claude/skills|performance-analytics|.claude/skills/business/marketing/performance-analytics/SKILL.md
.claude/skills|planning-code-goal|.claude/skills/development/planning/planning-code-goal/SKILL.md
.claude/skills|planning-goal|.claude/skills/development/planning/planning-goal/SKILL.md
.claude/skills|playwright|.claude/skills/workspace-hub/playwright/SKILL.md
.claude/skills|plotly|.claude/skills/data/visualization/plotly/SKILL.md
.claude/skills|plotly-visualization|.claude/skills/data/visualization/plotly-visualization/SKILL.md
.claude/skills|polars|.claude/skills/data/analysis/polars/SKILL.md
.claude/skills|post-processing|.claude/skills/engineering/marine-offshore/orcaflex/post-processing/SKILL.md
.claude/skills|pptx|.claude/skills/data/documents/pptx/SKILL.md
.claude/skills|pr-manager|.claude/skills/development/github/pr-manager/SKILL.md
.claude/skills|product-documentation|.claude/skills/business/admin/product-documentation/SKILL.md
.claude/skills|production-engineering|.claude/skills/engineering/marine-offshore/production-engineering/SKILL.md
.claude/skills|production-forecaster|.claude/skills/data/energy/production-forecaster/SKILL.md
.claude/skills|product-roadmap|.claude/skills/business/product/product-roadmap/SKILL.md
.claude/skills|project-board|.claude/skills/development/github/project-board/SKILL.md
.claude/skills|prompt-engineering|.claude/skills/ai/prompting/prompt-engineering/SKILL.md
.claude/skills|pypdf|.claude/skills/data/office/pypdf/SKILL.md
.claude/skills|pyproject-toml|.claude/skills/development/devtools/pyproject-toml/SKILL.md
.claude/skills|pyproject-toml|.claude/skills/operations/devtools/pyproject-toml/SKILL.md
.claude/skills|pytest-fixture-generator|.claude/skills/development/testing/pytest-fixture-generator/SKILL.md
.claude/skills|python-docx|.claude/skills/data/office/python-docx/SKILL.md
.claude/skills|python-gis-ecosystem|.claude/skills/engineering/gis/python-gis-ecosystem/SKILL.md
.claude/skills|python-pptx|.claude/skills/data/office/python-pptx/SKILL.md
.claude/skills|python-project-template|.claude/skills/development/workflows/python-project-template/SKILL.md
.claude/skills|python-scientific-computing|.claude/skills/data/scientific/python-scientific-computing/SKILL.md
.claude/skills|pyvista-3d|.claude/skills/engineering/cad/pyvista-3d/SKILL.md
.claude/skills|qgis|.claude/skills/engineering/gis/qgis/SKILL.md
.claude/skills|qtf-analysis|.claude/skills/engineering/marine-offshore/orcawave/qtf-analysis/SKILL.md
.claude/skills|quantification-metrics|.claude/skills/business/admin/quantification-metrics/SKILL.md
.claude/skills|rag-system-builder|.claude/skills/data/documents/rag-system-builder/SKILL.md
.claude/skills|rao-import|.claude/skills/engineering/marine-offshore/orcaflex/rao-import/SKILL.md
.claude/skills|raycast-alfred|.claude/skills/operations/devtools/raycast-alfred/SKILL.md
.claude/skills|readability-classification|.claude/skills/data/documents/pdf/text-extractor/readability-classification/SKILL.md
.claude/skills|reconciliation|.claude/skills/business/finance/reconciliation/SKILL.md
.claude/skills|reference|.claude/skills/engineering/marine-offshore/aqwa/reference/SKILL.md
.claude/skills|release-manager|.claude/skills/development/github/release-manager/SKILL.md
.claude/skills|release-swarm|.claude/skills/development/github/release-swarm/SKILL.md
.claude/skills|remote-desktop|.claude/skills/workspace-hub/remote-desktop/SKILL.md
.claude/skills|repo-architect|.claude/skills/development/github/repo-architect/SKILL.md
.claude/skills|repo-portfolio-steering|.claude/skills/workspace-hub/repo-portfolio-steering/SKILL.md
.claude/skills|repo-structure|.claude/skills/workspace-hub/repo-structure/SKILL.md
.claude/skills|repo-sync|.claude/skills/workspace-hub/repo-sync/SKILL.md
.claude/skills|research-and-literature-gathering|.claude/skills/data/research-and-literature-gathering/SKILL.md
.claude/skills|research-literature|.claude/skills/data/research-literature/SKILL.md
.claude/skills|response-drafting|.claude/skills/business/customer-support/response-drafting/SKILL.md
.claude/skills|results-comparison|.claude/skills/engineering/marine-offshore/orcaflex/results-comparison/SKILL.md
.claude/skills|risk-assessment|.claude/skills/engineering/marine-offshore/risk-assessment/SKILL.md
.claude/skills|scientific-problem-selection|.claude/skills/science/bio-research/scientific-problem-selection/SKILL.md
.claude/skills|scvi-tools|.claude/skills/science/bio-research/scvi-tools/SKILL.md
.claude/skills|search-strategy|.claude/skills/business/enterprise-search/search-strategy/SKILL.md
.claude/skills|semantic-search-setup|.claude/skills/data/documents/semantic-search-setup/SKILL.md
.claude/skills|seo-optimizer|.claude/skills/business/marketing/seo-optimizer/SKILL.md
.claude/skills|shell-tdd|.claude/skills/development/shell-tdd/SKILL.md
.claude/skills|ship-dynamics-6dof|.claude/skills/engineering/marine-offshore/ship-dynamics-6dof/SKILL.md
.claude/skills|signal-analysis|.claude/skills/engineering/marine-offshore/signal-analysis/SKILL.md
.claude/skills|single-cell-rna-qc|.claude/skills/science/bio-research/single-cell-rna-qc/SKILL.md
.claude/skills|skill-eval|.claude/skills/development/skill-eval/SKILL.md
.claude/skills|slack-api|.claude/skills/business/communication/slack-api/SKILL.md
.claude/skills|slack-gif-creator|.claude/skills/business/communication/slack-gif-creator/SKILL.md
.claude/skills|social-media|.claude/skills/business/marketing/social-media/SKILL.md
.claude/skills|sodir-data-extractor|.claude/skills/data/energy/sodir-data-extractor/SKILL.md
.claude/skills|solver-benchmark|.claude/skills/engineering/marine-offshore/solver-benchmark/SKILL.md
.claude/skills|source-management|.claude/skills/business/enterprise-search/source-management/SKILL.md
.claude/skills|sparc-architecture|.claude/skills/development/sparc/sparc-architecture/SKILL.md
.claude/skills|sparc-pseudocode|.claude/skills/development/sparc/sparc-pseudocode/SKILL.md
.claude/skills|sparc-refinement|.claude/skills/development/sparc/sparc-refinement/SKILL.md
.claude/skills|sparc-specification|.claude/skills/development/sparc/sparc-specification/SKILL.md
.claude/skills|spec-audit|.claude/skills/engineering/marine-offshore/orcaflex/spec-audit/SKILL.md
.claude/skills|specialist|.claude/skills/engineering/marine-offshore/orcaflex/specialist/SKILL.md
.claude/skills|sphinx|.claude/skills/development/documentation/sphinx/SKILL.md
.claude/skills|sql-queries|.claude/skills/data/analytics/sql-queries/SKILL.md
.claude/skills|stakeholder-comms|.claude/skills/business/product/stakeholder-comms/SKILL.md
.claude/skills|static-debug|.claude/skills/engineering/marine-offshore/orcaflex/static-debug/SKILL.md
.claude/skills|statistical-analysis|.claude/skills/data/analytics/statistical-analysis/SKILL.md
.claude/skills|statistics|.claude/skills/data/energy/metocean/statistics/SKILL.md
.claude/skills|streamlit|.claude/skills/data/analysis/streamlit/SKILL.md
.claude/skills|structural-analysis|.claude/skills/engineering/marine-offshore/structural-analysis/SKILL.md
.claude/skills|subagent-driven|.claude/skills/development/subagent-driven/SKILL.md
.claude/skills|swarm-issue|.claude/skills/development/github/swarm-issue/SKILL.md
.claude/skills|swarm-pr|.claude/skills/development/github/swarm-pr/SKILL.md
.claude/skills|sweetviz|.claude/skills/data/analysis/sweetviz/SKILL.md
.claude/skills|sync|.claude/skills/development/github/sync/SKILL.md
.claude/skills|sync|.claude/skills/workspace-hub/sync/SKILL.md
.claude/skills|systematic-debugging|.claude/skills/development/systematic-debugging/SKILL.md
.claude/skills|task-management|.claude/skills/business/productivity/task-management/SKILL.md
.claude/skills|tax-preparation|.claude/skills/business/admin/tax-preparation/SKILL.md
.claude/skills|tdd-obra|.claude/skills/development/tdd-obra/SKILL.md
.claude/skills|teams-api|.claude/skills/business/communication/teams-api/SKILL.md
.claude/skills|technology-stack-modernization|.claude/skills/business/admin/technology-stack-modernization/SKILL.md
.claude/skills|testing-production|.claude/skills/development/testing/testing-production/SKILL.md
.claude/skills|testing-tdd-london|.claude/skills/development/testing/testing-tdd-london/SKILL.md
.claude/skills|text-extractor|.claude/skills/data/documents/pdf/text-extractor/SKILL.md
.claude/skills|theme-factory|.claude/skills/business/content-design/theme-factory/SKILL.md
.claude/skills|ticket-triage|.claude/skills/business/customer-support/ticket-triage/SKILL.md
.claude/skills|time-tracking|.claude/skills/business/productivity/time-tracking/SKILL.md
.claude/skills|today|.claude/skills/business/productivity/today/SKILL.md
.claude/skills|todoist-api|.claude/skills/business/productivity/todoist-api/SKILL.md
.claude/skills|to-orcaflex|.claude/skills/engineering/marine-offshore/orcawave/to-orcaflex/SKILL.md
.claude/skills|trello-api|.claude/skills/business/productivity/trello-api/SKILL.md
.claude/skills|units|.claude/skills/engineering/units/SKILL.md
.claude/skills|usage-optimization|.claude/skills/ai/optimization/usage-optimization/SKILL.md
.claude/skills|user-research-synthesis|.claude/skills/business/product/user-research-synthesis/SKILL.md
.claude/skills|utilities|.claude/skills/data/documents/pdf/utilities/SKILL.md
.claude/skills|uv-package-manager|.claude/skills/development/devtools/uv-package-manager/SKILL.md
.claude/skills|uv-package-manager|.claude/skills/operations/devtools/uv-package-manager/SKILL.md
.claude/skills|variance-analysis|.claude/skills/business/finance/variance-analysis/SKILL.md
.claude/skills|verification-loop|.claude/skills/development/verification-loop/SKILL.md
.claude/skills|vessel-setup|.claude/skills/engineering/marine-offshore/orcaflex/vessel-setup/SKILL.md
.claude/skills|visualization|.claude/skills/engineering/marine-offshore/orcaflex/visualization/SKILL.md
.claude/skills|visualizer|.claude/skills/data/energy/metocean/visualizer/SKILL.md
.claude/skills|viv-analysis|.claude/skills/engineering/marine-offshore/viv-analysis/SKILL.md
.claude/skills|vscode-extensions|.claude/skills/operations/devtools/vscode-extensions/SKILL.md
.claude/skills|wave-theory|.claude/skills/engineering/marine-offshore/wave-theory/SKILL.md
.claude/skills|webapp-testing|.claude/skills/development/webapp-testing/SKILL.md
.claude/skills|web-scraper-energy|.claude/skills/data/energy/web-scraper-energy/SKILL.md
.claude/skills|well-production-dashboard|.claude/skills/data/energy/well-production-dashboard/SKILL.md
.claude/skills|windmill|.claude/skills/operations/automation/windmill/SKILL.md
.claude/skills|workflow|.claude/skills/development/github/workflow/SKILL.md
.claude/skills|writing-plans|.claude/skills/development/planning/writing-plans/SKILL.md
.claude/skills|xlsx|.claude/skills/data/documents/xlsx/SKILL.md
.claude/skills|xlsx-to-python|.claude/skills/data/office/xlsx-to-python/SKILL.md
.claude/skills|yaml-configuration|.claude/skills/data/scientific/yaml-configuration/SKILL.md
.claude/skills|yaml-gotchas|.claude/skills/engineering/marine-offshore/orcaflex/yaml-gotchas/SKILL.md
.claude/skills|yaml-workflow-executor|.claude/skills/development/yaml-workflow-executor/SKILL.md
.claude/skills|ydata-profiling|.claude/skills/data/analysis/ydata-profiling/SKILL.md
worldenergydata/.claude/skills|api12-drilling-analyzer|worldenergydata/.claude/skills/api12-drilling-analyzer/SKILL.md
worldenergydata/.claude/skills|bsee-data-extractor|worldenergydata/.claude/skills/bsee-data-extractor/SKILL.md
worldenergydata/.claude/skills|context-management|worldenergydata/.claude/skills/context-management/SKILL.md
worldenergydata/.claude/skills|economic-sensitivity-analyzer|worldenergydata/.claude/skills/economic-sensitivity-analyzer/SKILL.md
worldenergydata/.claude/skills|energy-data-visualizer|worldenergydata/.claude/skills/energy-data-visualizer/SKILL.md
worldenergydata/.claude/skills|fdas-economics|worldenergydata/.claude/skills/fdas-economics/SKILL.md
worldenergydata/.claude/skills|field-analyzer|worldenergydata/.claude/skills/field-analyzer/SKILL.md
worldenergydata/.claude/skills|hse-risk-analyzer|worldenergydata/.claude/skills/hse-risk-analyzer/SKILL.md
worldenergydata/.claude/skills|marine-safety-incidents|worldenergydata/.claude/skills/marine-safety-incidents/SKILL.md
worldenergydata/.claude/skills|metocean-data-fetcher|worldenergydata/.claude/skills/metocean-data-fetcher/SKILL.md
worldenergydata/.claude/skills|metocean-statistics|worldenergydata/.claude/skills/metocean-statistics/SKILL.md
worldenergydata/.claude/skills|metocean-visualizer|worldenergydata/.claude/skills/metocean-visualizer/SKILL.md
worldenergydata/.claude/skills|model-selection|worldenergydata/.claude/skills/optimization/model-selection/SKILL.md
worldenergydata/.claude/skills|npv-analyzer|worldenergydata/.claude/skills/npv-analyzer/SKILL.md
worldenergydata/.claude/skills|production-forecaster|worldenergydata/.claude/skills/production-forecaster/SKILL.md
worldenergydata/.claude/skills|product-roadmap|worldenergydata/.claude/skills/product/product-roadmap/SKILL.md
worldenergydata/.claude/skills|sodir-data-extractor|worldenergydata/.claude/skills/sodir-data-extractor/SKILL.md
worldenergydata/.claude/skills|usage-optimization|worldenergydata/.claude/skills/optimization/usage-optimization/SKILL.md
worldenergydata/.claude/skills|web-scraper-energy|worldenergydata/.claude/skills/web-scraper-energy/SKILL.md
worldenergydata/.claude/skills|well-production-dashboard|worldenergydata/.claude/skills/well-production-dashboard/SKILL.md
